
{
  "name": "SRM_Action_Reminder_Flow",
  "description": "Scheduled flow to send reminders for SRMActionTasks based on ActionDeadline",
  "site": "https://indigoin.sharepoint.com/sites/AdminUAT/",
  "listName": "SRMActionTasks",
  "dateField": "ActionDeadline",
  "personField": "ActionOwners",
  "ccManager": true,
  "emailContentTemplate": "Dear Action Owner,\n\nThis is to bring to your attention that your action item [TO BE PICKED UP FROM SRA HAZ LOG TABLE] for SRA [TO BE PICKED UP FROM SRA REFERENCE], SRA [TITLE] due by [DATE TO BE PICKED FROM SRA].\n\nYour prompt action is requested for timely completion. After completion, it is mandatory to upload the evidence on the SRM portal through the link provided below:\n\n[LINK] SRM application link to upload the evidence.\n\nWarm Regards\nTeam SRM\n\nIt is an auto generated email. Please do not reply on this. In case you need any clarification, please write to #SRM.FLTOPS"
}
    